"Program","Year","Period","Week Ending","Geo Level","State","State ANSI","Ag District","Ag District Code","County","County ANSI","Zip Code","Region","watershed_code","Watershed","Commodity","Data Item","Domain","Domain Category","Value","CV (%)"
"SURVEY","2022","MARKETING YEAR","","STATE","ALABAMA","01","","","","","","","00000000","","HONEY","HONEY - PRODUCTION, MEASURED IN LB / COLONY","TOTAL","NOT SPECIFIED","40",""
"SURVEY","2022","MARKETING YEAR","","STATE","ARIZONA","04","","","","","","","00000000","","HONEY","HONEY - PRODUCTION, MEASURED IN LB / COLONY","TOTAL","NOT SPECIFIED","45",""
"SURVEY","2022","MARKETING YEAR","","STATE","ARKANSAS","05","","","","","","","00000000","","HONEY","HONEY - PRODUCTION, MEASURED IN LB / COLONY","TOTAL","NOT SPECIFIED","56",""
"SURVEY","2022","MARKETING YEAR","","STATE","CALIFORNIA","06","","","","","","","00000000","","HONEY","HONEY - PRODUCTION, MEASURED IN LB / COLONY","TOTAL","NOT SPECIFIED","38",""
"SURVEY","2022","MARKETING YEAR","","STATE","COLORADO","08","","","","","","","00000000","","HONEY","HONEY - PRODUCTION, MEASURED IN LB / COLONY","TOTAL","NOT SPECIFIED","42",""
"SURVEY","2022","MARKETING YEAR","","STATE","FLORIDA","12","","","","","","","00000000","","HONEY","HONEY - PRODUCTION, MEASURED IN LB / COLONY","TOTAL","NOT SPECIFIED","35",""
"SURVEY","2022","MARKETING YEAR","","STATE","GEORGIA","13","","","","","","","00000000","","HONEY","HONEY - PRODUCTION, MEASURED IN LB / COLONY","TOTAL","NOT SPECIFIED","32",""
"SURVEY","2022","MARKETING YEAR","","STATE","IDAHO","16","","","","","","","00000000","","HONEY","HONEY - PRODUCTION, MEASURED IN LB / COLONY","TOTAL","NOT SPECIFIED","29",""
"SURVEY","2022","MARKETING YEAR","","STATE","ILLINOIS","17","","","","","","","00000000","","HONEY","HONEY - PRODUCTION, MEASURED IN LB / COLONY","TOTAL","NOT SPECIFIED","47",""
"SURVEY","2022","MARKETING YEAR","","STATE","INDIANA","18","","","","","","","00000000","","HONEY","HONEY - PRODUCTION, MEASURED IN LB / COLONY","TOTAL","NOT SPECIFIED","63",""
"SURVEY","2022","MARKETING YEAR","","STATE","IOWA","19","","","","","","","00000000","","HONEY","HONEY - PRODUCTION, MEASURED IN LB / COLONY","TOTAL","NOT SPECIFIED","51",""
"SURVEY","2022","MARKETING YEAR","","STATE","KANSAS","20","","","","","","","00000000","","HONEY","HONEY - PRODUCTION, MEASURED IN LB / COLONY","TOTAL","NOT SPECIFIED","62",""
"SURVEY","2022","MARKETING YEAR","","STATE","KENTUCKY","21","","","","","","","00000000","","HONEY","HONEY - PRODUCTION, MEASURED IN LB / COLONY","TOTAL","NOT SPECIFIED","36",""
"SURVEY","2022","MARKETING YEAR","","STATE","LOUISIANA","22","","","","","","","00000000","","HONEY","HONEY - PRODUCTION, MEASURED IN LB / COLONY","TOTAL","NOT SPECIFIED","61",""
"SURVEY","2022","MARKETING YEAR","","STATE","MAINE","23","","","","","","","00000000","","HONEY","HONEY - PRODUCTION, MEASURED IN LB / COLONY","TOTAL","NOT SPECIFIED","23",""
"SURVEY","2022","MARKETING YEAR","","STATE","MICHIGAN","26","","","","","","","00000000","","HONEY","HONEY - PRODUCTION, MEASURED IN LB / COLONY","TOTAL","NOT SPECIFIED","41",""
"SURVEY","2022","MARKETING YEAR","","STATE","MINNESOTA","27","","","","","","","00000000","","HONEY","HONEY - PRODUCTION, MEASURED IN LB / COLONY","TOTAL","NOT SPECIFIED","51",""
"SURVEY","2022","MARKETING YEAR","","STATE","MISSISSIPPI","28","","","","","","","00000000","","HONEY","HONEY - PRODUCTION, MEASURED IN LB / COLONY","TOTAL","NOT SPECIFIED","95",""
"SURVEY","2022","MARKETING YEAR","","STATE","MISSOURI","29","","","","","","","00000000","","HONEY","HONEY - PRODUCTION, MEASURED IN LB / COLONY","TOTAL","NOT SPECIFIED","41",""
"SURVEY","2022","MARKETING YEAR","","STATE","MONTANA","30","","","","","","","00000000","","HONEY","HONEY - PRODUCTION, MEASURED IN LB / COLONY","TOTAL","NOT SPECIFIED","61",""
"SURVEY","2022","MARKETING YEAR","","STATE","NEBRASKA","31","","","","","","","00000000","","HONEY","HONEY - PRODUCTION, MEASURED IN LB / COLONY","TOTAL","NOT SPECIFIED","44",""
"SURVEY","2022","MARKETING YEAR","","STATE","NEW JERSEY","34","","","","","","","00000000","","HONEY","HONEY - PRODUCTION, MEASURED IN LB / COLONY","TOTAL","NOT SPECIFIED","39",""
"SURVEY","2022","MARKETING YEAR","","STATE","NEW YORK","36","","","","","","","00000000","","HONEY","HONEY - PRODUCTION, MEASURED IN LB / COLONY","TOTAL","NOT SPECIFIED","53",""
"SURVEY","2022","MARKETING YEAR","","STATE","NORTH CAROLINA","37","","","","","","","00000000","","HONEY","HONEY - PRODUCTION, MEASURED IN LB / COLONY","TOTAL","NOT SPECIFIED","39",""
"SURVEY","2022","MARKETING YEAR","","STATE","NORTH DAKOTA","38","","","","","","","00000000","","HONEY","HONEY - PRODUCTION, MEASURED IN LB / COLONY","TOTAL","NOT SPECIFIED","60",""
"SURVEY","2022","MARKETING YEAR","","STATE","OHIO","39","","","","","","","00000000","","HONEY","HONEY - PRODUCTION, MEASURED IN LB / COLONY","TOTAL","NOT SPECIFIED","66",""
"SURVEY","2022","MARKETING YEAR","","STATE","OREGON","41","","","","","","","00000000","","HONEY","HONEY - PRODUCTION, MEASURED IN LB / COLONY","TOTAL","NOT SPECIFIED","37",""
"SURVEY","2022","MARKETING YEAR","","STATE","OTHER STATES","","","","","","","","00000000","","HONEY","HONEY - PRODUCTION, MEASURED IN LB / COLONY","TOTAL","NOT SPECIFIED","63",""
"SURVEY","2022","MARKETING YEAR","","STATE","PENNSYLVANIA","42","","","","","","","00000000","","HONEY","HONEY - PRODUCTION, MEASURED IN LB / COLONY","TOTAL","NOT SPECIFIED","46",""
"SURVEY","2022","MARKETING YEAR","","STATE","SOUTH CAROLINA","45","","","","","","","00000000","","HONEY","HONEY - PRODUCTION, MEASURED IN LB / COLONY","TOTAL","NOT SPECIFIED","39",""
"SURVEY","2022","MARKETING YEAR","","STATE","SOUTH DAKOTA","46","","","","","","","00000000","","HONEY","HONEY - PRODUCTION, MEASURED IN LB / COLONY","TOTAL","NOT SPECIFIED","39",""
"SURVEY","2022","MARKETING YEAR","","STATE","TENNESSEE","47","","","","","","","00000000","","HONEY","HONEY - PRODUCTION, MEASURED IN LB / COLONY","TOTAL","NOT SPECIFIED","47",""
"SURVEY","2022","MARKETING YEAR","","STATE","TEXAS","48","","","","","","","00000000","","HONEY","HONEY - PRODUCTION, MEASURED IN LB / COLONY","TOTAL","NOT SPECIFIED","53",""
"SURVEY","2022","MARKETING YEAR","","STATE","UTAH","49","","","","","","","00000000","","HONEY","HONEY - PRODUCTION, MEASURED IN LB / COLONY","TOTAL","NOT SPECIFIED","46",""
"SURVEY","2022","MARKETING YEAR","","STATE","VERMONT","50","","","","","","","00000000","","HONEY","HONEY - PRODUCTION, MEASURED IN LB / COLONY","TOTAL","NOT SPECIFIED","47",""
"SURVEY","2022","MARKETING YEAR","","STATE","VIRGINIA","51","","","","","","","00000000","","HONEY","HONEY - PRODUCTION, MEASURED IN LB / COLONY","TOTAL","NOT SPECIFIED","38",""
"SURVEY","2022","MARKETING YEAR","","STATE","WASHINGTON","53","","","","","","","00000000","","HONEY","HONEY - PRODUCTION, MEASURED IN LB / COLONY","TOTAL","NOT SPECIFIED","32",""
"SURVEY","2022","MARKETING YEAR","","STATE","WEST VIRGINIA","54","","","","","","","00000000","","HONEY","HONEY - PRODUCTION, MEASURED IN LB / COLONY","TOTAL","NOT SPECIFIED","39",""
"SURVEY","2022","MARKETING YEAR","","STATE","WISCONSIN","55","","","","","","","00000000","","HONEY","HONEY - PRODUCTION, MEASURED IN LB / COLONY","TOTAL","NOT SPECIFIED","55",""
"SURVEY","2022","MARKETING YEAR","","STATE","WYOMING","56","","","","","","","00000000","","HONEY","HONEY - PRODUCTION, MEASURED IN LB / COLONY","TOTAL","NOT SPECIFIED","45",""
"SURVEY","2021","MARKETING YEAR","","STATE","ALABAMA","01","","","","","","","00000000","","HONEY","HONEY - PRODUCTION, MEASURED IN LB / COLONY","TOTAL","NOT SPECIFIED","40",""
"SURVEY","2021","MARKETING YEAR","","STATE","ARIZONA","04","","","","","","","00000000","","HONEY","HONEY - PRODUCTION, MEASURED IN LB / COLONY","TOTAL","NOT SPECIFIED","40",""
"SURVEY","2021","MARKETING YEAR","","STATE","ARKANSAS","05","","","","","","","00000000","","HONEY","HONEY - PRODUCTION, MEASURED IN LB / COLONY","TOTAL","NOT SPECIFIED","50",""
"SURVEY","2021","MARKETING YEAR","","STATE","CALIFORNIA","06","","","","","","","00000000","","HONEY","HONEY - PRODUCTION, MEASURED IN LB / COLONY","TOTAL","NOT SPECIFIED","33",""
"SURVEY","2021","MARKETING YEAR","","STATE","COLORADO","08","","","","","","","00000000","","HONEY","HONEY - PRODUCTION, MEASURED IN LB / COLONY","TOTAL","NOT SPECIFIED","40",""
"SURVEY","2021","MARKETING YEAR","","STATE","FLORIDA","12","","","","","","","00000000","","HONEY","HONEY - PRODUCTION, MEASURED IN LB / COLONY","TOTAL","NOT SPECIFIED","44",""
"SURVEY","2021","MARKETING YEAR","","STATE","GEORGIA","13","","","","","","","00000000","","HONEY","HONEY - PRODUCTION, MEASURED IN LB / COLONY","TOTAL","NOT SPECIFIED","34",""
"SURVEY","2021","MARKETING YEAR","","STATE","HAWAII","15","","","","","","","00000000","","HONEY","HONEY - PRODUCTION, MEASURED IN LB / COLONY","TOTAL","NOT SPECIFIED","93",""
"SURVEY","2021","MARKETING YEAR","","STATE","IDAHO","16","","","","","","","00000000","","HONEY","HONEY - PRODUCTION, MEASURED IN LB / COLONY","TOTAL","NOT SPECIFIED","30",""
"SURVEY","2021","MARKETING YEAR","","STATE","ILLINOIS","17","","","","","","","00000000","","HONEY","HONEY - PRODUCTION, MEASURED IN LB / COLONY","TOTAL","NOT SPECIFIED","46",""
"SURVEY","2021","MARKETING YEAR","","STATE","INDIANA","18","","","","","","","00000000","","HONEY","HONEY - PRODUCTION, MEASURED IN LB / COLONY","TOTAL","NOT SPECIFIED","52",""
"SURVEY","2021","MARKETING YEAR","","STATE","IOWA","19","","","","","","","00000000","","HONEY","HONEY - PRODUCTION, MEASURED IN LB / COLONY","TOTAL","NOT SPECIFIED","55",""
"SURVEY","2021","MARKETING YEAR","","STATE","KANSAS","20","","","","","","","00000000","","HONEY","HONEY - PRODUCTION, MEASURED IN LB / COLONY","TOTAL","NOT SPECIFIED","42",""
"SURVEY","2021","MARKETING YEAR","","STATE","KENTUCKY","21","","","","","","","00000000","","HONEY","HONEY - PRODUCTION, MEASURED IN LB / COLONY","TOTAL","NOT SPECIFIED","37",""
"SURVEY","2021","MARKETING YEAR","","STATE","LOUISIANA","22","","","","","","","00000000","","HONEY","HONEY - PRODUCTION, MEASURED IN LB / COLONY","TOTAL","NOT SPECIFIED","58",""
"SURVEY","2021","MARKETING YEAR","","STATE","MAINE","23","","","","","","","00000000","","HONEY","HONEY - PRODUCTION, MEASURED IN LB / COLONY","TOTAL","NOT SPECIFIED","34",""
"SURVEY","2021","MARKETING YEAR","","STATE","MICHIGAN","26","","","","","","","00000000","","HONEY","HONEY - PRODUCTION, MEASURED IN LB / COLONY","TOTAL","NOT SPECIFIED","51",""
"SURVEY","2021","MARKETING YEAR","","STATE","MINNESOTA","27","","","","","","","00000000","","HONEY","HONEY - PRODUCTION, MEASURED IN LB / COLONY","TOTAL","NOT SPECIFIED","57",""
"SURVEY","2021","MARKETING YEAR","","STATE","MISSISSIPPI","28","","","","","","","00000000","","HONEY","HONEY - PRODUCTION, MEASURED IN LB / COLONY","TOTAL","NOT SPECIFIED","71",""
"SURVEY","2021","MARKETING YEAR","","STATE","MISSOURI","29","","","","","","","00000000","","HONEY","HONEY - PRODUCTION, MEASURED IN LB / COLONY","TOTAL","NOT SPECIFIED","35",""
"SURVEY","2021","MARKETING YEAR","","STATE","MONTANA","30","","","","","","","00000000","","HONEY","HONEY - PRODUCTION, MEASURED IN LB / COLONY","TOTAL","NOT SPECIFIED","57",""
"SURVEY","2021","MARKETING YEAR","","STATE","NEBRASKA","31","","","","","","","00000000","","HONEY","HONEY - PRODUCTION, MEASURED IN LB / COLONY","TOTAL","NOT SPECIFIED","47",""
"SURVEY","2021","MARKETING YEAR","","STATE","NEW JERSEY","34","","","","","","","00000000","","HONEY","HONEY - PRODUCTION, MEASURED IN LB / COLONY","TOTAL","NOT SPECIFIED","35",""
"SURVEY","2021","MARKETING YEAR","","STATE","NEW YORK","36","","","","","","","00000000","","HONEY","HONEY - PRODUCTION, MEASURED IN LB / COLONY","TOTAL","NOT SPECIFIED","53",""
"SURVEY","2021","MARKETING YEAR","","STATE","NORTH CAROLINA","37","","","","","","","00000000","","HONEY","HONEY - PRODUCTION, MEASURED IN LB / COLONY","TOTAL","NOT SPECIFIED","39",""
"SURVEY","2021","MARKETING YEAR","","STATE","NORTH DAKOTA","38","","","","","","","00000000","","HONEY","HONEY - PRODUCTION, MEASURED IN LB / COLONY","TOTAL","NOT SPECIFIED","55",""
"SURVEY","2021","MARKETING YEAR","","STATE","OHIO","39","","","","","","","00000000","","HONEY","HONEY - PRODUCTION, MEASURED IN LB / COLONY","TOTAL","NOT SPECIFIED","64",""
"SURVEY","2021","MARKETING YEAR","","STATE","OREGON","41","","","","","","","00000000","","HONEY","HONEY - PRODUCTION, MEASURED IN LB / COLONY","TOTAL","NOT SPECIFIED","31",""
"SURVEY","2021","MARKETING YEAR","","STATE","OTHER STATES","","","","","","","","00000000","","HONEY","HONEY - PRODUCTION, MEASURED IN LB / COLONY","TOTAL","NOT SPECIFIED","48",""
"SURVEY","2021","MARKETING YEAR","","STATE","PENNSYLVANIA","42","","","","","","","00000000","","HONEY","HONEY - PRODUCTION, MEASURED IN LB / COLONY","TOTAL","NOT SPECIFIED","42",""
"SURVEY","2021","MARKETING YEAR","","STATE","SOUTH CAROLINA","45","","","","","","","00000000","","HONEY","HONEY - PRODUCTION, MEASURED IN LB / COLONY","TOTAL","NOT SPECIFIED","42",""
"SURVEY","2021","MARKETING YEAR","","STATE","SOUTH DAKOTA","46","","","","","","","00000000","","HONEY","HONEY - PRODUCTION, MEASURED IN LB / COLONY","TOTAL","NOT SPECIFIED","49",""
"SURVEY","2021","MARKETING YEAR","","STATE","TENNESSEE","47","","","","","","","00000000","","HONEY","HONEY - PRODUCTION, MEASURED IN LB / COLONY","TOTAL","NOT SPECIFIED","56",""
"SURVEY","2021","MARKETING YEAR","","STATE","TEXAS","48","","","","","","","00000000","","HONEY","HONEY - PRODUCTION, MEASURED IN LB / COLONY","TOTAL","NOT SPECIFIED","56",""
"SURVEY","2021","MARKETING YEAR","","STATE","UTAH","49","","","","","","","00000000","","HONEY","HONEY - PRODUCTION, MEASURED IN LB / COLONY","TOTAL","NOT SPECIFIED","33",""
"SURVEY","2021","MARKETING YEAR","","STATE","VERMONT","50","","","","","","","00000000","","HONEY","HONEY - PRODUCTION, MEASURED IN LB / COLONY","TOTAL","NOT SPECIFIED","47",""
"SURVEY","2021","MARKETING YEAR","","STATE","VIRGINIA","51","","","","","","","00000000","","HONEY","HONEY - PRODUCTION, MEASURED IN LB / COLONY","TOTAL","NOT SPECIFIED","40",""
"SURVEY","2021","MARKETING YEAR","","STATE","WASHINGTON","53","","","","","","","00000000","","HONEY","HONEY - PRODUCTION, MEASURED IN LB / COLONY","TOTAL","NOT SPECIFIED","32",""
"SURVEY","2021","MARKETING YEAR","","STATE","WEST VIRGINIA","54","","","","","","","00000000","","HONEY","HONEY - PRODUCTION, MEASURED IN LB / COLONY","TOTAL","NOT SPECIFIED","43",""
"SURVEY","2021","MARKETING YEAR","","STATE","WISCONSIN","55","","","","","","","00000000","","HONEY","HONEY - PRODUCTION, MEASURED IN LB / COLONY","TOTAL","NOT SPECIFIED","47",""
"SURVEY","2021","MARKETING YEAR","","STATE","WYOMING","56","","","","","","","00000000","","HONEY","HONEY - PRODUCTION, MEASURED IN LB / COLONY","TOTAL","NOT SPECIFIED","58",""
"SURVEY","2020","MARKETING YEAR","","STATE","ALABAMA","01","","","","","","","00000000","","HONEY","HONEY - PRODUCTION, MEASURED IN LB / COLONY","TOTAL","NOT SPECIFIED","39",""
"SURVEY","2020","MARKETING YEAR","","STATE","ARIZONA","04","","","","","","","00000000","","HONEY","HONEY - PRODUCTION, MEASURED IN LB / COLONY","TOTAL","NOT SPECIFIED","36",""
"SURVEY","2020","MARKETING YEAR","","STATE","ARKANSAS","05","","","","","","","00000000","","HONEY","HONEY - PRODUCTION, MEASURED IN LB / COLONY","TOTAL","NOT SPECIFIED","49",""
"SURVEY","2020","MARKETING YEAR","","STATE","CALIFORNIA","06","","","","","","","00000000","","HONEY","HONEY - PRODUCTION, MEASURED IN LB / COLONY","TOTAL","NOT SPECIFIED","43",""
"SURVEY","2020","MARKETING YEAR","","STATE","COLORADO","08","","","","","","","00000000","","HONEY","HONEY - PRODUCTION, MEASURED IN LB / COLONY","TOTAL","NOT SPECIFIED","41",""
"SURVEY","2020","MARKETING YEAR","","STATE","FLORIDA","12","","","","","","","00000000","","HONEY","HONEY - PRODUCTION, MEASURED IN LB / COLONY","TOTAL","NOT SPECIFIED","46",""
"SURVEY","2020","MARKETING YEAR","","STATE","GEORGIA","13","","","","","","","00000000","","HONEY","HONEY - PRODUCTION, MEASURED IN LB / COLONY","TOTAL","NOT SPECIFIED","34",""
"SURVEY","2020","MARKETING YEAR","","STATE","HAWAII","15","","","","","","","00000000","","HONEY","HONEY - PRODUCTION, MEASURED IN LB / COLONY","TOTAL","NOT SPECIFIED","105",""
"SURVEY","2020","MARKETING YEAR","","STATE","IDAHO","16","","","","","","","00000000","","HONEY","HONEY - PRODUCTION, MEASURED IN LB / COLONY","TOTAL","NOT SPECIFIED","35",""
"SURVEY","2020","MARKETING YEAR","","STATE","ILLINOIS","17","","","","","","","00000000","","HONEY","HONEY - PRODUCTION, MEASURED IN LB / COLONY","TOTAL","NOT SPECIFIED","52",""
"SURVEY","2020","MARKETING YEAR","","STATE","INDIANA","18","","","","","","","00000000","","HONEY","HONEY - PRODUCTION, MEASURED IN LB / COLONY","TOTAL","NOT SPECIFIED","55",""
"SURVEY","2020","MARKETING YEAR","","STATE","IOWA","19","","","","","","","00000000","","HONEY","HONEY - PRODUCTION, MEASURED IN LB / COLONY","TOTAL","NOT SPECIFIED","58",""
"SURVEY","2020","MARKETING YEAR","","STATE","KANSAS","20","","","","","","","00000000","","HONEY","HONEY - PRODUCTION, MEASURED IN LB / COLONY","TOTAL","NOT SPECIFIED","62",""
"SURVEY","2020","MARKETING YEAR","","STATE","KENTUCKY","21","","","","","","","00000000","","HONEY","HONEY - PRODUCTION, MEASURED IN LB / COLONY","TOTAL","NOT SPECIFIED","33",""
"SURVEY","2020","MARKETING YEAR","","STATE","LOUISIANA","22","","","","","","","00000000","","HONEY","HONEY - PRODUCTION, MEASURED IN LB / COLONY","TOTAL","NOT SPECIFIED","69",""
"SURVEY","2020","MARKETING YEAR","","STATE","MAINE","23","","","","","","","00000000","","HONEY","HONEY - PRODUCTION, MEASURED IN LB / COLONY","TOTAL","NOT SPECIFIED","30",""
"SURVEY","2020","MARKETING YEAR","","STATE","MICHIGAN","26","","","","","","","00000000","","HONEY","HONEY - PRODUCTION, MEASURED IN LB / COLONY","TOTAL","NOT SPECIFIED","47",""
"SURVEY","2020","MARKETING YEAR","","STATE","MINNESOTA","27","","","","","","","00000000","","HONEY","HONEY - PRODUCTION, MEASURED IN LB / COLONY","TOTAL","NOT SPECIFIED","55",""
"SURVEY","2020","MARKETING YEAR","","STATE","MISSISSIPPI","28","","","","","","","00000000","","HONEY","HONEY - PRODUCTION, MEASURED IN LB / COLONY","TOTAL","NOT SPECIFIED","73",""
"SURVEY","2020","MARKETING YEAR","","STATE","MISSOURI","29","","","","","","","00000000","","HONEY","HONEY - PRODUCTION, MEASURED IN LB / COLONY","TOTAL","NOT SPECIFIED","41",""
"SURVEY","2020","MARKETING YEAR","","STATE","MONTANA","30","","","","","","","00000000","","HONEY","HONEY - PRODUCTION, MEASURED IN LB / COLONY","TOTAL","NOT SPECIFIED","81",""
"SURVEY","2020","MARKETING YEAR","","STATE","NEBRASKA","31","","","","","","","00000000","","HONEY","HONEY - PRODUCTION, MEASURED IN LB / COLONY","TOTAL","NOT SPECIFIED","52",""
"SURVEY","2020","MARKETING YEAR","","STATE","NEW JERSEY","34","","","","","","","00000000","","HONEY","HONEY - PRODUCTION, MEASURED IN LB / COLONY","TOTAL","NOT SPECIFIED","31",""
"SURVEY","2020","MARKETING YEAR","","STATE","NEW YORK","36","","","","","","","00000000","","HONEY","HONEY - PRODUCTION, MEASURED IN LB / COLONY","TOTAL","NOT SPECIFIED","56",""
"SURVEY","2020","MARKETING YEAR","","STATE","NORTH CAROLINA","37","","","","","","","00000000","","HONEY","HONEY - PRODUCTION, MEASURED IN LB / COLONY","TOTAL","NOT SPECIFIED","38",""
"SURVEY","2020","MARKETING YEAR","","STATE","NORTH DAKOTA","38","","","","","","","00000000","","HONEY","HONEY - PRODUCTION, MEASURED IN LB / COLONY","TOTAL","NOT SPECIFIED","78",""
"SURVEY","2020","MARKETING YEAR","","STATE","OHIO","39","","","","","","","00000000","","HONEY","HONEY - PRODUCTION, MEASURED IN LB / COLONY","TOTAL","NOT SPECIFIED","75",""
"SURVEY","2020","MARKETING YEAR","","STATE","OREGON","41","","","","","","","00000000","","HONEY","HONEY - PRODUCTION, MEASURED IN LB / COLONY","TOTAL","NOT SPECIFIED","29",""
"SURVEY","2020","MARKETING YEAR","","STATE","OTHER STATES","","","","","","","","00000000","","HONEY","HONEY - PRODUCTION, MEASURED IN LB / COLONY","TOTAL","NOT SPECIFIED","42",""
"SURVEY","2020","MARKETING YEAR","","STATE","PENNSYLVANIA","42","","","","","","","00000000","","HONEY","HONEY - PRODUCTION, MEASURED IN LB / COLONY","TOTAL","NOT SPECIFIED","48",""
"SURVEY","2020","MARKETING YEAR","","STATE","SOUTH CAROLINA","45","","","","","","","00000000","","HONEY","HONEY - PRODUCTION, MEASURED IN LB / COLONY","TOTAL","NOT SPECIFIED","46",""
"SURVEY","2020","MARKETING YEAR","","STATE","SOUTH DAKOTA","46","","","","","","","00000000","","HONEY","HONEY - PRODUCTION, MEASURED IN LB / COLONY","TOTAL","NOT SPECIFIED","61",""
"SURVEY","2020","MARKETING YEAR","","STATE","TENNESSEE","47","","","","","","","00000000","","HONEY","HONEY - PRODUCTION, MEASURED IN LB / COLONY","TOTAL","NOT SPECIFIED","51",""
"SURVEY","2020","MARKETING YEAR","","STATE","TEXAS","48","","","","","","","00000000","","HONEY","HONEY - PRODUCTION, MEASURED IN LB / COLONY","TOTAL","NOT SPECIFIED","57",""
"SURVEY","2020","MARKETING YEAR","","STATE","UTAH","49","","","","","","","00000000","","HONEY","HONEY - PRODUCTION, MEASURED IN LB / COLONY","TOTAL","NOT SPECIFIED","34",""
"SURVEY","2020","MARKETING YEAR","","STATE","VERMONT","50","","","","","","","00000000","","HONEY","HONEY - PRODUCTION, MEASURED IN LB / COLONY","TOTAL","NOT SPECIFIED","47",""
"SURVEY","2020","MARKETING YEAR","","STATE","VIRGINIA","51","","","","","","","00000000","","HONEY","HONEY - PRODUCTION, MEASURED IN LB / COLONY","TOTAL","NOT SPECIFIED","40",""
"SURVEY","2020","MARKETING YEAR","","STATE","WASHINGTON","53","","","","","","","00000000","","HONEY","HONEY - PRODUCTION, MEASURED IN LB / COLONY","TOTAL","NOT SPECIFIED","37",""
"SURVEY","2020","MARKETING YEAR","","STATE","WEST VIRGINIA","54","","","","","","","00000000","","HONEY","HONEY - PRODUCTION, MEASURED IN LB / COLONY","TOTAL","NOT SPECIFIED","46",""
"SURVEY","2020","MARKETING YEAR","","STATE","WISCONSIN","55","","","","","","","00000000","","HONEY","HONEY - PRODUCTION, MEASURED IN LB / COLONY","TOTAL","NOT SPECIFIED","50",""
"SURVEY","2020","MARKETING YEAR","","STATE","WYOMING","56","","","","","","","00000000","","HONEY","HONEY - PRODUCTION, MEASURED IN LB / COLONY","TOTAL","NOT SPECIFIED","40",""
"SURVEY","2019","MARKETING YEAR","","STATE","ALABAMA","01","","","","","","","00000000","","HONEY","HONEY - PRODUCTION, MEASURED IN LB / COLONY","TOTAL","NOT SPECIFIED","42",""
"SURVEY","2019","MARKETING YEAR","","STATE","ARIZONA","04","","","","","","","00000000","","HONEY","HONEY - PRODUCTION, MEASURED IN LB / COLONY","TOTAL","NOT SPECIFIED","46",""
"SURVEY","2019","MARKETING YEAR","","STATE","ARKANSAS","05","","","","","","","00000000","","HONEY","HONEY - PRODUCTION, MEASURED IN LB / COLONY","TOTAL","NOT SPECIFIED","55",""
"SURVEY","2019","MARKETING YEAR","","STATE","CALIFORNIA","06","","","","","","","00000000","","HONEY","HONEY - PRODUCTION, MEASURED IN LB / COLONY","TOTAL","NOT SPECIFIED","48",""
"SURVEY","2019","MARKETING YEAR","","STATE","COLORADO","08","","","","","","","00000000","","HONEY","HONEY - PRODUCTION, MEASURED IN LB / COLONY","TOTAL","NOT SPECIFIED","46",""
"SURVEY","2019","MARKETING YEAR","","STATE","FLORIDA","12","","","","","","","00000000","","HONEY","HONEY - PRODUCTION, MEASURED IN LB / COLONY","TOTAL","NOT SPECIFIED","45",""
"SURVEY","2019","MARKETING YEAR","","STATE","GEORGIA","13","","","","","","","00000000","","HONEY","HONEY - PRODUCTION, MEASURED IN LB / COLONY","TOTAL","NOT SPECIFIED","33",""
"SURVEY","2019","MARKETING YEAR","","STATE","HAWAII","15","","","","","","","00000000","","HONEY","HONEY - PRODUCTION, MEASURED IN LB / COLONY","TOTAL","NOT SPECIFIED","80",""
"SURVEY","2019","MARKETING YEAR","","STATE","IDAHO","16","","","","","","","00000000","","HONEY","HONEY - PRODUCTION, MEASURED IN LB / COLONY","TOTAL","NOT SPECIFIED","32",""
"SURVEY","2019","MARKETING YEAR","","STATE","ILLINOIS","17","","","","","","","00000000","","HONEY","HONEY - PRODUCTION, MEASURED IN LB / COLONY","TOTAL","NOT SPECIFIED","39",""
"SURVEY","2019","MARKETING YEAR","","STATE","INDIANA","18","","","","","","","00000000","","HONEY","HONEY - PRODUCTION, MEASURED IN LB / COLONY","TOTAL","NOT SPECIFIED","55",""
"SURVEY","2019","MARKETING YEAR","","STATE","IOWA","19","","","","","","","00000000","","HONEY","HONEY - PRODUCTION, MEASURED IN LB / COLONY","TOTAL","NOT SPECIFIED","55",""
"SURVEY","2019","MARKETING YEAR","","STATE","KANSAS","20","","","","","","","00000000","","HONEY","HONEY - PRODUCTION, MEASURED IN LB / COLONY","TOTAL","NOT SPECIFIED","79",""
"SURVEY","2019","MARKETING YEAR","","STATE","KENTUCKY","21","","","","","","","00000000","","HONEY","HONEY - PRODUCTION, MEASURED IN LB / COLONY","TOTAL","NOT SPECIFIED","41",""
"SURVEY","2019","MARKETING YEAR","","STATE","LOUISIANA","22","","","","","","","00000000","","HONEY","HONEY - PRODUCTION, MEASURED IN LB / COLONY","TOTAL","NOT SPECIFIED","72",""
"SURVEY","2019","MARKETING YEAR","","STATE","MAINE","23","","","","","","","00000000","","HONEY","HONEY - PRODUCTION, MEASURED IN LB / COLONY","TOTAL","NOT SPECIFIED","35",""
"SURVEY","2019","MARKETING YEAR","","STATE","MICHIGAN","26","","","","","","","00000000","","HONEY","HONEY - PRODUCTION, MEASURED IN LB / COLONY","TOTAL","NOT SPECIFIED","50",""
"SURVEY","2019","MARKETING YEAR","","STATE","MINNESOTA","27","","","","","","","00000000","","HONEY","HONEY - PRODUCTION, MEASURED IN LB / COLONY","TOTAL","NOT SPECIFIED","59",""
"SURVEY","2019","MARKETING YEAR","","STATE","MISSISSIPPI","28","","","","","","","00000000","","HONEY","HONEY - PRODUCTION, MEASURED IN LB / COLONY","TOTAL","NOT SPECIFIED","80",""
"SURVEY","2019","MARKETING YEAR","","STATE","MISSOURI","29","","","","","","","00000000","","HONEY","HONEY - PRODUCTION, MEASURED IN LB / COLONY","TOTAL","NOT SPECIFIED","43",""
"SURVEY","2019","MARKETING YEAR","","STATE","MONTANA","30","","","","","","","00000000","","HONEY","HONEY - PRODUCTION, MEASURED IN LB / COLONY","TOTAL","NOT SPECIFIED","86",""
"SURVEY","2019","MARKETING YEAR","","STATE","NEBRASKA","31","","","","","","","00000000","","HONEY","HONEY - PRODUCTION, MEASURED IN LB / COLONY","TOTAL","NOT SPECIFIED","52",""
"SURVEY","2019","MARKETING YEAR","","STATE","NEW JERSEY","34","","","","","","","00000000","","HONEY","HONEY - PRODUCTION, MEASURED IN LB / COLONY","TOTAL","NOT SPECIFIED","28",""
"SURVEY","2019","MARKETING YEAR","","STATE","NEW YORK","36","","","","","","","00000000","","HONEY","HONEY - PRODUCTION, MEASURED IN LB / COLONY","TOTAL","NOT SPECIFIED","58",""
"SURVEY","2019","MARKETING YEAR","","STATE","NORTH CAROLINA","37","","","","","","","00000000","","HONEY","HONEY - PRODUCTION, MEASURED IN LB / COLONY","TOTAL","NOT SPECIFIED","42",""
"SURVEY","2019","MARKETING YEAR","","STATE","NORTH DAKOTA","38","","","","","","","00000000","","HONEY","HONEY - PRODUCTION, MEASURED IN LB / COLONY","TOTAL","NOT SPECIFIED","65",""
"SURVEY","2019","MARKETING YEAR","","STATE","OHIO","39","","","","","","","00000000","","HONEY","HONEY - PRODUCTION, MEASURED IN LB / COLONY","TOTAL","NOT SPECIFIED","67",""
"SURVEY","2019","MARKETING YEAR","","STATE","OREGON","41","","","","","","","00000000","","HONEY","HONEY - PRODUCTION, MEASURED IN LB / COLONY","TOTAL","NOT SPECIFIED","32",""
"SURVEY","2019","MARKETING YEAR","","STATE","OTHER STATES","","","","","","","","00000000","","HONEY","HONEY - PRODUCTION, MEASURED IN LB / COLONY","TOTAL","NOT SPECIFIED","47",""
"SURVEY","2019","MARKETING YEAR","","STATE","PENNSYLVANIA","42","","","","","","","00000000","","HONEY","HONEY - PRODUCTION, MEASURED IN LB / COLONY","TOTAL","NOT SPECIFIED","50",""
"SURVEY","2019","MARKETING YEAR","","STATE","SOUTH CAROLINA","45","","","","","","","00000000","","HONEY","HONEY - PRODUCTION, MEASURED IN LB / COLONY","TOTAL","NOT SPECIFIED","47",""
"SURVEY","2019","MARKETING YEAR","","STATE","SOUTH DAKOTA","46","","","","","","","00000000","","HONEY","HONEY - PRODUCTION, MEASURED IN LB / COLONY","TOTAL","NOT SPECIFIED","72",""
"SURVEY","2019","MARKETING YEAR","","STATE","TENNESSEE","47","","","","","","","00000000","","HONEY","HONEY - PRODUCTION, MEASURED IN LB / COLONY","TOTAL","NOT SPECIFIED","57",""
"SURVEY","2019","MARKETING YEAR","","STATE","TEXAS","48","","","","","","","00000000","","HONEY","HONEY - PRODUCTION, MEASURED IN LB / COLONY","TOTAL","NOT SPECIFIED","60",""
"SURVEY","2019","MARKETING YEAR","","STATE","UTAH","49","","","","","","","00000000","","HONEY","HONEY - PRODUCTION, MEASURED IN LB / COLONY","TOTAL","NOT SPECIFIED","29",""
"SURVEY","2019","MARKETING YEAR","","STATE","VERMONT","50","","","","","","","00000000","","HONEY","HONEY - PRODUCTION, MEASURED IN LB / COLONY","TOTAL","NOT SPECIFIED","48",""
"SURVEY","2019","MARKETING YEAR","","STATE","VIRGINIA","51","","","","","","","00000000","","HONEY","HONEY - PRODUCTION, MEASURED IN LB / COLONY","TOTAL","NOT SPECIFIED","39",""
"SURVEY","2019","MARKETING YEAR","","STATE","WASHINGTON","53","","","","","","","00000000","","HONEY","HONEY - PRODUCTION, MEASURED IN LB / COLONY","TOTAL","NOT SPECIFIED","35",""
"SURVEY","2019","MARKETING YEAR","","STATE","WEST VIRGINIA","54","","","","","","","00000000","","HONEY","HONEY - PRODUCTION, MEASURED IN LB / COLONY","TOTAL","NOT SPECIFIED","37",""
"SURVEY","2019","MARKETING YEAR","","STATE","WISCONSIN","55","","","","","","","00000000","","HONEY","HONEY - PRODUCTION, MEASURED IN LB / COLONY","TOTAL","NOT SPECIFIED","47",""
"SURVEY","2019","MARKETING YEAR","","STATE","WYOMING","56","","","","","","","00000000","","HONEY","HONEY - PRODUCTION, MEASURED IN LB / COLONY","TOTAL","NOT SPECIFIED","56",""
"SURVEY","2018","MARKETING YEAR","","STATE","ALABAMA","01","","","","","","","00000000","","HONEY","HONEY - PRODUCTION, MEASURED IN LB / COLONY","TOTAL","NOT SPECIFIED","45",""
"SURVEY","2018","MARKETING YEAR","","STATE","ARIZONA","04","","","","","","","00000000","","HONEY","HONEY - PRODUCTION, MEASURED IN LB / COLONY","TOTAL","NOT SPECIFIED","38",""
"SURVEY","2018","MARKETING YEAR","","STATE","ARKANSAS","05","","","","","","","00000000","","HONEY","HONEY - PRODUCTION, MEASURED IN LB / COLONY","TOTAL","NOT SPECIFIED","50",""
"SURVEY","2018","MARKETING YEAR","","STATE","CALIFORNIA","06","","","","","","","00000000","","HONEY","HONEY - PRODUCTION, MEASURED IN LB / COLONY","TOTAL","NOT SPECIFIED","41",""
"SURVEY","2018","MARKETING YEAR","","STATE","COLORADO","08","","","","","","","00000000","","HONEY","HONEY - PRODUCTION, MEASURED IN LB / COLONY","TOTAL","NOT SPECIFIED","48",""
"SURVEY","2018","MARKETING YEAR","","STATE","FLORIDA","12","","","","","","","00000000","","HONEY","HONEY - PRODUCTION, MEASURED IN LB / COLONY","TOTAL","NOT SPECIFIED","49",""
"SURVEY","2018","MARKETING YEAR","","STATE","GEORGIA","13","","","","","","","00000000","","HONEY","HONEY - PRODUCTION, MEASURED IN LB / COLONY","TOTAL","NOT SPECIFIED","34",""
"SURVEY","2018","MARKETING YEAR","","STATE","HAWAII","15","","","","","","","00000000","","HONEY","HONEY - PRODUCTION, MEASURED IN LB / COLONY","TOTAL","NOT SPECIFIED","103",""
"SURVEY","2018","MARKETING YEAR","","STATE","IDAHO","16","","","","","","","00000000","","HONEY","HONEY - PRODUCTION, MEASURED IN LB / COLONY","TOTAL","NOT SPECIFIED","31",""
"SURVEY","2018","MARKETING YEAR","","STATE","ILLINOIS","17","","","","","","","00000000","","HONEY","HONEY - PRODUCTION, MEASURED IN LB / COLONY","TOTAL","NOT SPECIFIED","41",""
"SURVEY","2018","MARKETING YEAR","","STATE","INDIANA","18","","","","","","","00000000","","HONEY","HONEY - PRODUCTION, MEASURED IN LB / COLONY","TOTAL","NOT SPECIFIED","46",""
"SURVEY","2018","MARKETING YEAR","","STATE","IOWA","19","","","","","","","00000000","","HONEY","HONEY - PRODUCTION, MEASURED IN LB / COLONY","TOTAL","NOT SPECIFIED","49",""
"SURVEY","2018","MARKETING YEAR","","STATE","KANSAS","20","","","","","","","00000000","","HONEY","HONEY - PRODUCTION, MEASURED IN LB / COLONY","TOTAL","NOT SPECIFIED","73",""
"SURVEY","2018","MARKETING YEAR","","STATE","KENTUCKY","21","","","","","","","00000000","","HONEY","HONEY - PRODUCTION, MEASURED IN LB / COLONY","TOTAL","NOT SPECIFIED","41",""
"SURVEY","2018","MARKETING YEAR","","STATE","LOUISIANA","22","","","","","","","00000000","","HONEY","HONEY - PRODUCTION, MEASURED IN LB / COLONY","TOTAL","NOT SPECIFIED","83",""
"SURVEY","2018","MARKETING YEAR","","STATE","MAINE","23","","","","","","","00000000","","HONEY","HONEY - PRODUCTION, MEASURED IN LB / COLONY","TOTAL","NOT SPECIFIED","32",""
"SURVEY","2018","MARKETING YEAR","","STATE","MICHIGAN","26","","","","","","","00000000","","HONEY","HONEY - PRODUCTION, MEASURED IN LB / COLONY","TOTAL","NOT SPECIFIED","44",""
"SURVEY","2018","MARKETING YEAR","","STATE","MINNESOTA","27","","","","","","","00000000","","HONEY","HONEY - PRODUCTION, MEASURED IN LB / COLONY","TOTAL","NOT SPECIFIED","61",""
"SURVEY","2018","MARKETING YEAR","","STATE","MISSISSIPPI","28","","","","","","","00000000","","HONEY","HONEY - PRODUCTION, MEASURED IN LB / COLONY","TOTAL","NOT SPECIFIED","87",""
"SURVEY","2018","MARKETING YEAR","","STATE","MISSOURI","29","","","","","","","00000000","","HONEY","HONEY - PRODUCTION, MEASURED IN LB / COLONY","TOTAL","NOT SPECIFIED","45",""
"SURVEY","2018","MARKETING YEAR","","STATE","MONTANA","30","","","","","","","00000000","","HONEY","HONEY - PRODUCTION, MEASURED IN LB / COLONY","TOTAL","NOT SPECIFIED","92",""
"SURVEY","2018","MARKETING YEAR","","STATE","NEBRASKA","31","","","","","","","00000000","","HONEY","HONEY - PRODUCTION, MEASURED IN LB / COLONY","TOTAL","NOT SPECIFIED","59",""
"SURVEY","2018","MARKETING YEAR","","STATE","NEW JERSEY","34","","","","","","","00000000","","HONEY","HONEY - PRODUCTION, MEASURED IN LB / COLONY","TOTAL","NOT SPECIFIED","31",""
"SURVEY","2018","MARKETING YEAR","","STATE","NEW YORK","36","","","","","","","00000000","","HONEY","HONEY - PRODUCTION, MEASURED IN LB / COLONY","TOTAL","NOT SPECIFIED","48",""
"SURVEY","2018","MARKETING YEAR","","STATE","NORTH CAROLINA","37","","","","","","","00000000","","HONEY","HONEY - PRODUCTION, MEASURED IN LB / COLONY","TOTAL","NOT SPECIFIED","33",""
"SURVEY","2018","MARKETING YEAR","","STATE","NORTH DAKOTA","38","","","","","","","00000000","","HONEY","HONEY - PRODUCTION, MEASURED IN LB / COLONY","TOTAL","NOT SPECIFIED","72",""
"SURVEY","2018","MARKETING YEAR","","STATE","OHIO","39","","","","","","","00000000","","HONEY","HONEY - PRODUCTION, MEASURED IN LB / COLONY","TOTAL","NOT SPECIFIED","73",""
"SURVEY","2018","MARKETING YEAR","","STATE","OREGON","41","","","","","","","00000000","","HONEY","HONEY - PRODUCTION, MEASURED IN LB / COLONY","TOTAL","NOT SPECIFIED","35",""
"SURVEY","2018","MARKETING YEAR","","STATE","OTHER STATES","","","","","","","","00000000","","HONEY","HONEY - PRODUCTION, MEASURED IN LB / COLONY","TOTAL","NOT SPECIFIED","39",""
"SURVEY","2018","MARKETING YEAR","","STATE","PENNSYLVANIA","42","","","","","","","00000000","","HONEY","HONEY - PRODUCTION, MEASURED IN LB / COLONY","TOTAL","NOT SPECIFIED","44",""
"SURVEY","2018","MARKETING YEAR","","STATE","SOUTH CAROLINA","45","","","","","","","00000000","","HONEY","HONEY - PRODUCTION, MEASURED IN LB / COLONY","TOTAL","NOT SPECIFIED","48",""
"SURVEY","2018","MARKETING YEAR","","STATE","SOUTH DAKOTA","46","","","","","","","00000000","","HONEY","HONEY - PRODUCTION, MEASURED IN LB / COLONY","TOTAL","NOT SPECIFIED","47",""
"SURVEY","2018","MARKETING YEAR","","STATE","TENNESSEE","47","","","","","","","00000000","","HONEY","HONEY - PRODUCTION, MEASURED IN LB / COLONY","TOTAL","NOT SPECIFIED","46",""
"SURVEY","2018","MARKETING YEAR","","STATE","TEXAS","48","","","","","","","00000000","","HONEY","HONEY - PRODUCTION, MEASURED IN LB / COLONY","TOTAL","NOT SPECIFIED","56",""
"SURVEY","2018","MARKETING YEAR","","STATE","UTAH","49","","","","","","","00000000","","HONEY","HONEY - PRODUCTION, MEASURED IN LB / COLONY","TOTAL","NOT SPECIFIED","41",""
"SURVEY","2018","MARKETING YEAR","","STATE","VERMONT","50","","","","","","","00000000","","HONEY","HONEY - PRODUCTION, MEASURED IN LB / COLONY","TOTAL","NOT SPECIFIED","48",""
"SURVEY","2018","MARKETING YEAR","","STATE","VIRGINIA","51","","","","","","","00000000","","HONEY","HONEY - PRODUCTION, MEASURED IN LB / COLONY","TOTAL","NOT SPECIFIED","40",""
"SURVEY","2018","MARKETING YEAR","","STATE","WASHINGTON","53","","","","","","","00000000","","HONEY","HONEY - PRODUCTION, MEASURED IN LB / COLONY","TOTAL","NOT SPECIFIED","43",""
"SURVEY","2018","MARKETING YEAR","","STATE","WEST VIRGINIA","54","","","","","","","00000000","","HONEY","HONEY - PRODUCTION, MEASURED IN LB / COLONY","TOTAL","NOT SPECIFIED","37",""
"SURVEY","2018","MARKETING YEAR","","STATE","WISCONSIN","55","","","","","","","00000000","","HONEY","HONEY - PRODUCTION, MEASURED IN LB / COLONY","TOTAL","NOT SPECIFIED","45",""
"SURVEY","2018","MARKETING YEAR","","STATE","WYOMING","56","","","","","","","00000000","","HONEY","HONEY - PRODUCTION, MEASURED IN LB / COLONY","TOTAL","NOT SPECIFIED","56",""
"SURVEY","2017","MARKETING YEAR","","STATE","ALABAMA","01","","","","","","","00000000","","HONEY","HONEY - PRODUCTION, MEASURED IN LB / COLONY","TOTAL","NOT SPECIFIED","45",""
"SURVEY","2017","MARKETING YEAR","","STATE","ARIZONA","04","","","","","","","00000000","","HONEY","HONEY - PRODUCTION, MEASURED IN LB / COLONY","TOTAL","NOT SPECIFIED","40",""
"SURVEY","2017","MARKETING YEAR","","STATE","ARKANSAS","05","","","","","","","00000000","","HONEY","HONEY - PRODUCTION, MEASURED IN LB / COLONY","TOTAL","NOT SPECIFIED","68",""
"SURVEY","2017","MARKETING YEAR","","STATE","CALIFORNIA","06","","","","","","","00000000","","HONEY","HONEY - PRODUCTION, MEASURED IN LB / COLONY","TOTAL","NOT SPECIFIED","41",""
"SURVEY","2017","MARKETING YEAR","","STATE","COLORADO","08","","","","","","","00000000","","HONEY","HONEY - PRODUCTION, MEASURED IN LB / COLONY","TOTAL","NOT SPECIFIED","43",""
"SURVEY","2017","MARKETING YEAR","","STATE","FLORIDA","12","","","","","","","00000000","","HONEY","HONEY - PRODUCTION, MEASURED IN LB / COLONY","TOTAL","NOT SPECIFIED","43",""
"SURVEY","2017","MARKETING YEAR","","STATE","GEORGIA","13","","","","","","","00000000","","HONEY","HONEY - PRODUCTION, MEASURED IN LB / COLONY","TOTAL","NOT SPECIFIED","32",""
"SURVEY","2017","MARKETING YEAR","","STATE","HAWAII","15","","","","","","","00000000","","HONEY","HONEY - PRODUCTION, MEASURED IN LB / COLONY","TOTAL","NOT SPECIFIED","131",""
"SURVEY","2017","MARKETING YEAR","","STATE","IDAHO","16","","","","","","","00000000","","HONEY","HONEY - PRODUCTION, MEASURED IN LB / COLONY","TOTAL","NOT SPECIFIED","44",""
"SURVEY","2017","MARKETING YEAR","","STATE","ILLINOIS","17","","","","","","","00000000","","HONEY","HONEY - PRODUCTION, MEASURED IN LB / COLONY","TOTAL","NOT SPECIFIED","46",""
"SURVEY","2017","MARKETING YEAR","","STATE","INDIANA","18","","","","","","","00000000","","HONEY","HONEY - PRODUCTION, MEASURED IN LB / COLONY","TOTAL","NOT SPECIFIED","52",""
"SURVEY","2017","MARKETING YEAR","","STATE","IOWA","19","","","","","","","00000000","","HONEY","HONEY - PRODUCTION, MEASURED IN LB / COLONY","TOTAL","NOT SPECIFIED","58",""
"SURVEY","2017","MARKETING YEAR","","STATE","KANSAS","20","","","","","","","00000000","","HONEY","HONEY - PRODUCTION, MEASURED IN LB / COLONY","TOTAL","NOT SPECIFIED","79",""
"SURVEY","2017","MARKETING YEAR","","STATE","KENTUCKY","21","","","","","","","00000000","","HONEY","HONEY - PRODUCTION, MEASURED IN LB / COLONY","TOTAL","NOT SPECIFIED","38",""
"SURVEY","2017","MARKETING YEAR","","STATE","LOUISIANA","22","","","","","","","00000000","","HONEY","HONEY - PRODUCTION, MEASURED IN LB / COLONY","TOTAL","NOT SPECIFIED","81",""
"SURVEY","2017","MARKETING YEAR","","STATE","MAINE","23","","","","","","","00000000","","HONEY","HONEY - PRODUCTION, MEASURED IN LB / COLONY","TOTAL","NOT SPECIFIED","33",""
"SURVEY","2017","MARKETING YEAR","","STATE","MICHIGAN","26","","","","","","","00000000","","HONEY","HONEY - PRODUCTION, MEASURED IN LB / COLONY","TOTAL","NOT SPECIFIED","45",""
"SURVEY","2017","MARKETING YEAR","","STATE","MINNESOTA","27","","","","","","","00000000","","HONEY","HONEY - PRODUCTION, MEASURED IN LB / COLONY","TOTAL","NOT SPECIFIED","62",""
"SURVEY","2017","MARKETING YEAR","","STATE","MISSISSIPPI","28","","","","","","","00000000","","HONEY","HONEY - PRODUCTION, MEASURED IN LB / COLONY","TOTAL","NOT SPECIFIED","86",""
"SURVEY","2017","MARKETING YEAR","","STATE","MISSOURI","29","","","","","","","00000000","","HONEY","HONEY - PRODUCTION, MEASURED IN LB / COLONY","TOTAL","NOT SPECIFIED","65",""
"SURVEY","2017","MARKETING YEAR","","STATE","MONTANA","30","","","","","","","00000000","","HONEY","HONEY - PRODUCTION, MEASURED IN LB / COLONY","TOTAL","NOT SPECIFIED","72",""
"SURVEY","2017","MARKETING YEAR","","STATE","NEBRASKA","31","","","","","","","00000000","","HONEY","HONEY - PRODUCTION, MEASURED IN LB / COLONY","TOTAL","NOT SPECIFIED","63",""
"SURVEY","2017","MARKETING YEAR","","STATE","NEW JERSEY","34","","","","","","","00000000","","HONEY","HONEY - PRODUCTION, MEASURED IN LB / COLONY","TOTAL","NOT SPECIFIED","28",""
"SURVEY","2017","MARKETING YEAR","","STATE","NEW YORK","36","","","","","","","00000000","","HONEY","HONEY - PRODUCTION, MEASURED IN LB / COLONY","TOTAL","NOT SPECIFIED","56",""
"SURVEY","2017","MARKETING YEAR","","STATE","NORTH CAROLINA","37","","","","","","","00000000","","HONEY","HONEY - PRODUCTION, MEASURED IN LB / COLONY","TOTAL","NOT SPECIFIED","41",""
"SURVEY","2017","MARKETING YEAR","","STATE","NORTH DAKOTA","38","","","","","","","00000000","","HONEY","HONEY - PRODUCTION, MEASURED IN LB / COLONY","TOTAL","NOT SPECIFIED","74",""
"SURVEY","2017","MARKETING YEAR","","STATE","OHIO","39","","","","","","","00000000","","HONEY","HONEY - PRODUCTION, MEASURED IN LB / COLONY","TOTAL","NOT SPECIFIED","73",""
"SURVEY","2017","MARKETING YEAR","","STATE","OREGON","41","","","","","","","00000000","","HONEY","HONEY - PRODUCTION, MEASURED IN LB / COLONY","TOTAL","NOT SPECIFIED","40",""
"SURVEY","2017","MARKETING YEAR","","STATE","OTHER STATES","","","","","","","","00000000","","HONEY","HONEY - PRODUCTION, MEASURED IN LB / COLONY","TOTAL","NOT SPECIFIED","43",""
"SURVEY","2017","MARKETING YEAR","","STATE","PENNSYLVANIA","42","","","","","","","00000000","","HONEY","HONEY - PRODUCTION, MEASURED IN LB / COLONY","TOTAL","NOT SPECIFIED","46",""
"SURVEY","2017","MARKETING YEAR","","STATE","SOUTH CAROLINA","45","","","","","","","00000000","","HONEY","HONEY - PRODUCTION, MEASURED IN LB / COLONY","TOTAL","NOT SPECIFIED","34",""
"SURVEY","2017","MARKETING YEAR","","STATE","SOUTH DAKOTA","46","","","","","","","00000000","","HONEY","HONEY - PRODUCTION, MEASURED IN LB / COLONY","TOTAL","NOT SPECIFIED","57",""
"SURVEY","2017","MARKETING YEAR","","STATE","TENNESSEE","47","","","","","","","00000000","","HONEY","HONEY - PRODUCTION, MEASURED IN LB / COLONY","TOTAL","NOT SPECIFIED","41",""
"SURVEY","2017","MARKETING YEAR","","STATE","TEXAS","48","","","","","","","00000000","","HONEY","HONEY - PRODUCTION, MEASURED IN LB / COLONY","TOTAL","NOT SPECIFIED","66",""
"SURVEY","2017","MARKETING YEAR","","STATE","UTAH","49","","","","","","","00000000","","HONEY","HONEY - PRODUCTION, MEASURED IN LB / COLONY","TOTAL","NOT SPECIFIED","31",""
"SURVEY","2017","MARKETING YEAR","","STATE","VERMONT","50","","","","","","","00000000","","HONEY","HONEY - PRODUCTION, MEASURED IN LB / COLONY","TOTAL","NOT SPECIFIED","54",""
"SURVEY","2017","MARKETING YEAR","","STATE","VIRGINIA","51","","","","","","","00000000","","HONEY","HONEY - PRODUCTION, MEASURED IN LB / COLONY","TOTAL","NOT SPECIFIED","35",""
"SURVEY","2017","MARKETING YEAR","","STATE","WASHINGTON","53","","","","","","","00000000","","HONEY","HONEY - PRODUCTION, MEASURED IN LB / COLONY","TOTAL","NOT SPECIFIED","45",""
"SURVEY","2017","MARKETING YEAR","","STATE","WEST VIRGINIA","54","","","","","","","00000000","","HONEY","HONEY - PRODUCTION, MEASURED IN LB / COLONY","TOTAL","NOT SPECIFIED","40",""
"SURVEY","2017","MARKETING YEAR","","STATE","WISCONSIN","55","","","","","","","00000000","","HONEY","HONEY - PRODUCTION, MEASURED IN LB / COLONY","TOTAL","NOT SPECIFIED","56",""
"SURVEY","2017","MARKETING YEAR","","STATE","WYOMING","56","","","","","","","00000000","","HONEY","HONEY - PRODUCTION, MEASURED IN LB / COLONY","TOTAL","NOT SPECIFIED","53",""
"SURVEY","2016","MARKETING YEAR","","STATE","ALABAMA","01","","","","","","","00000000","","HONEY","HONEY - PRODUCTION, MEASURED IN LB / COLONY","TOTAL","NOT SPECIFIED","52",""
"SURVEY","2016","MARKETING YEAR","","STATE","ARIZONA","04","","","","","","","00000000","","HONEY","HONEY - PRODUCTION, MEASURED IN LB / COLONY","TOTAL","NOT SPECIFIED","46",""
"SURVEY","2016","MARKETING YEAR","","STATE","ARKANSAS","05","","","","","","","00000000","","HONEY","HONEY - PRODUCTION, MEASURED IN LB / COLONY","TOTAL","NOT SPECIFIED","69",""
"SURVEY","2016","MARKETING YEAR","","STATE","CALIFORNIA","06","","","","","","","00000000","","HONEY","HONEY - PRODUCTION, MEASURED IN LB / COLONY","TOTAL","NOT SPECIFIED","36",""
"SURVEY","2016","MARKETING YEAR","","STATE","COLORADO","08","","","","","","","00000000","","HONEY","HONEY - PRODUCTION, MEASURED IN LB / COLONY","TOTAL","NOT SPECIFIED","40",""
"SURVEY","2016","MARKETING YEAR","","STATE","FLORIDA","12","","","","","","","00000000","","HONEY","HONEY - PRODUCTION, MEASURED IN LB / COLONY","TOTAL","NOT SPECIFIED","50",""
"SURVEY","2016","MARKETING YEAR","","STATE","GEORGIA","13","","","","","","","00000000","","HONEY","HONEY - PRODUCTION, MEASURED IN LB / COLONY","TOTAL","NOT SPECIFIED","39",""
"SURVEY","2016","MARKETING YEAR","","STATE","HAWAII","15","","","","","","","00000000","","HONEY","HONEY - PRODUCTION, MEASURED IN LB / COLONY","TOTAL","NOT SPECIFIED","113",""
"SURVEY","2016","MARKETING YEAR","","STATE","IDAHO","16","","","","","","","00000000","","HONEY","HONEY - PRODUCTION, MEASURED IN LB / COLONY","TOTAL","NOT SPECIFIED","34",""
"SURVEY","2016","MARKETING YEAR","","STATE","ILLINOIS","17","","","","","","","00000000","","HONEY","HONEY - PRODUCTION, MEASURED IN LB / COLONY","TOTAL","NOT SPECIFIED","48",""
"SURVEY","2016","MARKETING YEAR","","STATE","INDIANA","18","","","","","","","00000000","","HONEY","HONEY - PRODUCTION, MEASURED IN LB / COLONY","TOTAL","NOT SPECIFIED","62",""
"SURVEY","2016","MARKETING YEAR","","STATE","IOWA","19","","","","","","","00000000","","HONEY","HONEY - PRODUCTION, MEASURED IN LB / COLONY","TOTAL","NOT SPECIFIED","48",""
"SURVEY","2016","MARKETING YEAR","","STATE","KANSAS","20","","","","","","","00000000","","HONEY","HONEY - PRODUCTION, MEASURED IN LB / COLONY","TOTAL","NOT SPECIFIED","48",""
"SURVEY","2016","MARKETING YEAR","","STATE","KENTUCKY","21","","","","","","","00000000","","HONEY","HONEY - PRODUCTION, MEASURED IN LB / COLONY","TOTAL","NOT SPECIFIED","46",""
"SURVEY","2016","MARKETING YEAR","","STATE","LOUISIANA","22","","","","","","","00000000","","HONEY","HONEY - PRODUCTION, MEASURED IN LB / COLONY","TOTAL","NOT SPECIFIED","86",""
"SURVEY","2016","MARKETING YEAR","","STATE","MAINE","23","","","","","","","00000000","","HONEY","HONEY - PRODUCTION, MEASURED IN LB / COLONY","TOTAL","NOT SPECIFIED","34",""
"SURVEY","2016","MARKETING YEAR","","STATE","MICHIGAN","26","","","","","","","00000000","","HONEY","HONEY - PRODUCTION, MEASURED IN LB / COLONY","TOTAL","NOT SPECIFIED","60",""
"SURVEY","2016","MARKETING YEAR","","STATE","MINNESOTA","27","","","","","","","00000000","","HONEY","HONEY - PRODUCTION, MEASURED IN LB / COLONY","TOTAL","NOT SPECIFIED","59",""
"SURVEY","2016","MARKETING YEAR","","STATE","MISSISSIPPI","28","","","","","","","00000000","","HONEY","HONEY - PRODUCTION, MEASURED IN LB / COLONY","TOTAL","NOT SPECIFIED","85",""
"SURVEY","2016","MARKETING YEAR","","STATE","MISSOURI","29","","","","","","","00000000","","HONEY","HONEY - PRODUCTION, MEASURED IN LB / COLONY","TOTAL","NOT SPECIFIED","62",""
"SURVEY","2016","MARKETING YEAR","","STATE","MONTANA","30","","","","","","","00000000","","HONEY","HONEY - PRODUCTION, MEASURED IN LB / COLONY","TOTAL","NOT SPECIFIED","77",""
"SURVEY","2016","MARKETING YEAR","","STATE","NEBRASKA","31","","","","","","","00000000","","HONEY","HONEY - PRODUCTION, MEASURED IN LB / COLONY","TOTAL","NOT SPECIFIED","46",""
"SURVEY","2016","MARKETING YEAR","","STATE","NEW JERSEY","34","","","","","","","00000000","","HONEY","HONEY - PRODUCTION, MEASURED IN LB / COLONY","TOTAL","NOT SPECIFIED","27",""
"SURVEY","2016","MARKETING YEAR","","STATE","NEW YORK","36","","","","","","","00000000","","HONEY","HONEY - PRODUCTION, MEASURED IN LB / COLONY","TOTAL","NOT SPECIFIED","57",""
"SURVEY","2016","MARKETING YEAR","","STATE","NORTH CAROLINA","37","","","","","","","00000000","","HONEY","HONEY - PRODUCTION, MEASURED IN LB / COLONY","TOTAL","NOT SPECIFIED","37",""
"SURVEY","2016","MARKETING YEAR","","STATE","NORTH DAKOTA","38","","","","","","","00000000","","HONEY","HONEY - PRODUCTION, MEASURED IN LB / COLONY","TOTAL","NOT SPECIFIED","78",""
"SURVEY","2016","MARKETING YEAR","","STATE","OHIO","39","","","","","","","00000000","","HONEY","HONEY - PRODUCTION, MEASURED IN LB / COLONY","TOTAL","NOT SPECIFIED","79",""
"SURVEY","2016","MARKETING YEAR","","STATE","OREGON","41","","","","","","","00000000","","HONEY","HONEY - PRODUCTION, MEASURED IN LB / COLONY","TOTAL","NOT SPECIFIED","35",""
"SURVEY","2016","MARKETING YEAR","","STATE","OTHER STATES","","","","","","","","00000000","","HONEY","HONEY - PRODUCTION, MEASURED IN LB / COLONY","TOTAL","NOT SPECIFIED","43",""
"SURVEY","2016","MARKETING YEAR","","STATE","PENNSYLVANIA","42","","","","","","","00000000","","HONEY","HONEY - PRODUCTION, MEASURED IN LB / COLONY","TOTAL","NOT SPECIFIED","50",""
"SURVEY","2016","MARKETING YEAR","","STATE","SOUTH CAROLINA","45","","","","","","","00000000","","HONEY","HONEY - PRODUCTION, MEASURED IN LB / COLONY","TOTAL","NOT SPECIFIED","45",""
"SURVEY","2016","MARKETING YEAR","","STATE","SOUTH DAKOTA","46","","","","","","","00000000","","HONEY","HONEY - PRODUCTION, MEASURED IN LB / COLONY","TOTAL","NOT SPECIFIED","71",""
"SURVEY","2016","MARKETING YEAR","","STATE","TENNESSEE","47","","","","","","","00000000","","HONEY","HONEY - PRODUCTION, MEASURED IN LB / COLONY","TOTAL","NOT SPECIFIED","55",""
"SURVEY","2016","MARKETING YEAR","","STATE","TEXAS","48","","","","","","","00000000","","HONEY","HONEY - PRODUCTION, MEASURED IN LB / COLONY","TOTAL","NOT SPECIFIED","70",""
"SURVEY","2016","MARKETING YEAR","","STATE","UTAH","49","","","","","","","00000000","","HONEY","HONEY - PRODUCTION, MEASURED IN LB / COLONY","TOTAL","NOT SPECIFIED","32",""
"SURVEY","2016","MARKETING YEAR","","STATE","VERMONT","50","","","","","","","00000000","","HONEY","HONEY - PRODUCTION, MEASURED IN LB / COLONY","TOTAL","NOT SPECIFIED","52",""
"SURVEY","2016","MARKETING YEAR","","STATE","VIRGINIA","51","","","","","","","00000000","","HONEY","HONEY - PRODUCTION, MEASURED IN LB / COLONY","TOTAL","NOT SPECIFIED","38",""
"SURVEY","2016","MARKETING YEAR","","STATE","WASHINGTON","53","","","","","","","00000000","","HONEY","HONEY - PRODUCTION, MEASURED IN LB / COLONY","TOTAL","NOT SPECIFIED","35",""
"SURVEY","2016","MARKETING YEAR","","STATE","WEST VIRGINIA","54","","","","","","","00000000","","HONEY","HONEY - PRODUCTION, MEASURED IN LB / COLONY","TOTAL","NOT SPECIFIED","32",""
"SURVEY","2016","MARKETING YEAR","","STATE","WISCONSIN","55","","","","","","","00000000","","HONEY","HONEY - PRODUCTION, MEASURED IN LB / COLONY","TOTAL","NOT SPECIFIED","62",""
"SURVEY","2016","MARKETING YEAR","","STATE","WYOMING","56","","","","","","","00000000","","HONEY","HONEY - PRODUCTION, MEASURED IN LB / COLONY","TOTAL","NOT SPECIFIED","68",""
"SURVEY","2015","MARKETING YEAR","","STATE","ALABAMA","01","","","","","","","00000000","","HONEY","HONEY - PRODUCTION, MEASURED IN LB / COLONY","TOTAL","NOT SPECIFIED","47",""
"SURVEY","2015","MARKETING YEAR","","STATE","ARIZONA","04","","","","","","","00000000","","HONEY","HONEY - PRODUCTION, MEASURED IN LB / COLONY","TOTAL","NOT SPECIFIED","49",""
"SURVEY","2015","MARKETING YEAR","","STATE","ARKANSAS","05","","","","","","","00000000","","HONEY","HONEY - PRODUCTION, MEASURED IN LB / COLONY","TOTAL","NOT SPECIFIED","72",""
"SURVEY","2015","MARKETING YEAR","","STATE","CALIFORNIA","06","","","","","","","00000000","","HONEY","HONEY - PRODUCTION, MEASURED IN LB / COLONY","TOTAL","NOT SPECIFIED","30",""
"SURVEY","2015","MARKETING YEAR","","STATE","COLORADO","08","","","","","","","00000000","","HONEY","HONEY - PRODUCTION, MEASURED IN LB / COLONY","TOTAL","NOT SPECIFIED","51",""
"SURVEY","2015","MARKETING YEAR","","STATE","FLORIDA","12","","","","","","","00000000","","HONEY","HONEY - PRODUCTION, MEASURED IN LB / COLONY","TOTAL","NOT SPECIFIED","54",""
"SURVEY","2015","MARKETING YEAR","","STATE","GEORGIA","13","","","","","","","00000000","","HONEY","HONEY - PRODUCTION, MEASURED IN LB / COLONY","TOTAL","NOT SPECIFIED","40",""
"SURVEY","2015","MARKETING YEAR","","STATE","HAWAII","15","","","","","","","00000000","","HONEY","HONEY - PRODUCTION, MEASURED IN LB / COLONY","TOTAL","NOT SPECIFIED","102",""
"SURVEY","2015","MARKETING YEAR","","STATE","IDAHO","16","","","","","","","00000000","","HONEY","HONEY - PRODUCTION, MEASURED IN LB / COLONY","TOTAL","NOT SPECIFIED","32",""
"SURVEY","2015","MARKETING YEAR","","STATE","ILLINOIS","17","","","","","","","00000000","","HONEY","HONEY - PRODUCTION, MEASURED IN LB / COLONY","TOTAL","NOT SPECIFIED","51",""
"SURVEY","2015","MARKETING YEAR","","STATE","INDIANA","18","","","","","","","00000000","","HONEY","HONEY - PRODUCTION, MEASURED IN LB / COLONY","TOTAL","NOT SPECIFIED","53",""
"SURVEY","2015","MARKETING YEAR","","STATE","IOWA","19","","","","","","","00000000","","HONEY","HONEY - PRODUCTION, MEASURED IN LB / COLONY","TOTAL","NOT SPECIFIED","50",""
"SURVEY","2015","MARKETING YEAR","","STATE","KANSAS","20","","","","","","","00000000","","HONEY","HONEY - PRODUCTION, MEASURED IN LB / COLONY","TOTAL","NOT SPECIFIED","36",""
"SURVEY","2015","MARKETING YEAR","","STATE","KENTUCKY","21","","","","","","","00000000","","HONEY","HONEY - PRODUCTION, MEASURED IN LB / COLONY","TOTAL","NOT SPECIFIED","46",""
"SURVEY","2015","MARKETING YEAR","","STATE","LOUISIANA","22","","","","","","","00000000","","HONEY","HONEY - PRODUCTION, MEASURED IN LB / COLONY","TOTAL","NOT SPECIFIED","99",""
"SURVEY","2015","MARKETING YEAR","","STATE","MAINE","23","","","","","","","00000000","","HONEY","HONEY - PRODUCTION, MEASURED IN LB / COLONY","TOTAL","NOT SPECIFIED","47",""
"SURVEY","2015","MARKETING YEAR","","STATE","MICHIGAN","26","","","","","","","00000000","","HONEY","HONEY - PRODUCTION, MEASURED IN LB / COLONY","TOTAL","NOT SPECIFIED","58",""
"SURVEY","2015","MARKETING YEAR","","STATE","MINNESOTA","27","","","","","","","00000000","","HONEY","HONEY - PRODUCTION, MEASURED IN LB / COLONY","TOTAL","NOT SPECIFIED","68",""
"SURVEY","2015","MARKETING YEAR","","STATE","MISSISSIPPI","28","","","","","","","00000000","","HONEY","HONEY - PRODUCTION, MEASURED IN LB / COLONY","TOTAL","NOT SPECIFIED","83",""
"SURVEY","2015","MARKETING YEAR","","STATE","MISSOURI","29","","","","","","","00000000","","HONEY","HONEY - PRODUCTION, MEASURED IN LB / COLONY","TOTAL","NOT SPECIFIED","52",""
"SURVEY","2015","MARKETING YEAR","","STATE","MONTANA","30","","","","","","","00000000","","HONEY","HONEY - PRODUCTION, MEASURED IN LB / COLONY","TOTAL","NOT SPECIFIED","83",""
"SURVEY","2015","MARKETING YEAR","","STATE","NEBRASKA","31","","","","","","","00000000","","HONEY","HONEY - PRODUCTION, MEASURED IN LB / COLONY","TOTAL","NOT SPECIFIED","48",""
"SURVEY","2015","MARKETING YEAR","","STATE","NEW JERSEY","34","","","","","","","00000000","","HONEY","HONEY - PRODUCTION, MEASURED IN LB / COLONY","TOTAL","NOT SPECIFIED","27",""
"SURVEY","2015","MARKETING YEAR","","STATE","NEW YORK","36","","","","","","","00000000","","HONEY","HONEY - PRODUCTION, MEASURED IN LB / COLONY","TOTAL","NOT SPECIFIED","62",""
"SURVEY","2015","MARKETING YEAR","","STATE","NORTH CAROLINA","37","","","","","","","00000000","","HONEY","HONEY - PRODUCTION, MEASURED IN LB / COLONY","TOTAL","NOT SPECIFIED","45",""
"SURVEY","2015","MARKETING YEAR","","STATE","NORTH DAKOTA","38","","","","","","","00000000","","HONEY","HONEY - PRODUCTION, MEASURED IN LB / COLONY","TOTAL","NOT SPECIFIED","74",""
"SURVEY","2015","MARKETING YEAR","","STATE","OHIO","39","","","","","","","00000000","","HONEY","HONEY - PRODUCTION, MEASURED IN LB / COLONY","TOTAL","NOT SPECIFIED","50",""
"SURVEY","2015","MARKETING YEAR","","STATE","OREGON","41","","","","","","","00000000","","HONEY","HONEY - PRODUCTION, MEASURED IN LB / COLONY","TOTAL","NOT SPECIFIED","38",""
"SURVEY","2015","MARKETING YEAR","","STATE","OTHER STATES","","","","","","","","00000000","","HONEY","HONEY - PRODUCTION, MEASURED IN LB / COLONY","TOTAL","NOT SPECIFIED","39",""
"SURVEY","2015","MARKETING YEAR","","STATE","PENNSYLVANIA","42","","","","","","","00000000","","HONEY","HONEY - PRODUCTION, MEASURED IN LB / COLONY","TOTAL","NOT SPECIFIED","53",""
"SURVEY","2015","MARKETING YEAR","","STATE","SOUTH CAROLINA","45","","","","","","","00000000","","HONEY","HONEY - PRODUCTION, MEASURED IN LB / COLONY","TOTAL","NOT SPECIFIED","67",""
"SURVEY","2015","MARKETING YEAR","","STATE","SOUTH DAKOTA","46","","","","","","","00000000","","HONEY","HONEY - PRODUCTION, MEASURED IN LB / COLONY","TOTAL","NOT SPECIFIED","66",""
"SURVEY","2015","MARKETING YEAR","","STATE","TENNESSEE","47","","","","","","","00000000","","HONEY","HONEY - PRODUCTION, MEASURED IN LB / COLONY","TOTAL","NOT SPECIFIED","59",""
"SURVEY","2015","MARKETING YEAR","","STATE","TEXAS","48","","","","","","","00000000","","HONEY","HONEY - PRODUCTION, MEASURED IN LB / COLONY","TOTAL","NOT SPECIFIED","66",""
"SURVEY","2015","MARKETING YEAR","","STATE","UTAH","49","","","","","","","00000000","","HONEY","HONEY - PRODUCTION, MEASURED IN LB / COLONY","TOTAL","NOT SPECIFIED","42",""
"SURVEY","2015","MARKETING YEAR","","STATE","VERMONT","50","","","","","","","00000000","","HONEY","HONEY - PRODUCTION, MEASURED IN LB / COLONY","TOTAL","NOT SPECIFIED","52",""
"SURVEY","2015","MARKETING YEAR","","STATE","VIRGINIA","51","","","","","","","00000000","","HONEY","HONEY - PRODUCTION, MEASURED IN LB / COLONY","TOTAL","NOT SPECIFIED","37",""
"SURVEY","2015","MARKETING YEAR","","STATE","WASHINGTON","53","","","","","","","00000000","","HONEY","HONEY - PRODUCTION, MEASURED IN LB / COLONY","TOTAL","NOT SPECIFIED","44",""
"SURVEY","2015","MARKETING YEAR","","STATE","WEST VIRGINIA","54","","","","","","","00000000","","HONEY","HONEY - PRODUCTION, MEASURED IN LB / COLONY","TOTAL","NOT SPECIFIED","35",""
"SURVEY","2015","MARKETING YEAR","","STATE","WISCONSIN","55","","","","","","","00000000","","HONEY","HONEY - PRODUCTION, MEASURED IN LB / COLONY","TOTAL","NOT SPECIFIED","67",""
"SURVEY","2015","MARKETING YEAR","","STATE","WYOMING","56","","","","","","","00000000","","HONEY","HONEY - PRODUCTION, MEASURED IN LB / COLONY","TOTAL","NOT SPECIFIED","77",""
"SURVEY","2014","MARKETING YEAR","","STATE","ALABAMA","01","","","","","","","00000000","","HONEY","HONEY - PRODUCTION, MEASURED IN LB / COLONY","TOTAL","NOT SPECIFIED","53",""
"SURVEY","2014","MARKETING YEAR","","STATE","ARIZONA","04","","","","","","","00000000","","HONEY","HONEY - PRODUCTION, MEASURED IN LB / COLONY","TOTAL","NOT SPECIFIED","39",""
"SURVEY","2014","MARKETING YEAR","","STATE","ARKANSAS","05","","","","","","","00000000","","HONEY","HONEY - PRODUCTION, MEASURED IN LB / COLONY","TOTAL","NOT SPECIFIED","65",""
"SURVEY","2014","MARKETING YEAR","","STATE","CALIFORNIA","06","","","","","","","00000000","","HONEY","HONEY - PRODUCTION, MEASURED IN LB / COLONY","TOTAL","NOT SPECIFIED","39",""
"SURVEY","2014","MARKETING YEAR","","STATE","COLORADO","08","","","","","","","00000000","","HONEY","HONEY - PRODUCTION, MEASURED IN LB / COLONY","TOTAL","NOT SPECIFIED","37",""
"SURVEY","2014","MARKETING YEAR","","STATE","FLORIDA","12","","","","","","","00000000","","HONEY","HONEY - PRODUCTION, MEASURED IN LB / COLONY","TOTAL","NOT SPECIFIED","60",""
"SURVEY","2014","MARKETING YEAR","","STATE","GEORGIA","13","","","","","","","00000000","","HONEY","HONEY - PRODUCTION, MEASURED IN LB / COLONY","TOTAL","NOT SPECIFIED","62",""
"SURVEY","2014","MARKETING YEAR","","STATE","HAWAII","15","","","","","","","00000000","","HONEY","HONEY - PRODUCTION, MEASURED IN LB / COLONY","TOTAL","NOT SPECIFIED","93",""
"SURVEY","2014","MARKETING YEAR","","STATE","IDAHO","16","","","","","","","00000000","","HONEY","HONEY - PRODUCTION, MEASURED IN LB / COLONY","TOTAL","NOT SPECIFIED","34",""
"SURVEY","2014","MARKETING YEAR","","STATE","ILLINOIS","17","","","","","","","00000000","","HONEY","HONEY - PRODUCTION, MEASURED IN LB / COLONY","TOTAL","NOT SPECIFIED","49",""
"SURVEY","2014","MARKETING YEAR","","STATE","INDIANA","18","","","","","","","00000000","","HONEY","HONEY - PRODUCTION, MEASURED IN LB / COLONY","TOTAL","NOT SPECIFIED","62",""
"SURVEY","2014","MARKETING YEAR","","STATE","IOWA","19","","","","","","","00000000","","HONEY","HONEY - PRODUCTION, MEASURED IN LB / COLONY","TOTAL","NOT SPECIFIED","43",""
"SURVEY","2014","MARKETING YEAR","","STATE","KANSAS","20","","","","","","","00000000","","HONEY","HONEY - PRODUCTION, MEASURED IN LB / COLONY","TOTAL","NOT SPECIFIED","75",""
"SURVEY","2014","MARKETING YEAR","","STATE","KENTUCKY","21","","","","","","","00000000","","HONEY","HONEY - PRODUCTION, MEASURED IN LB / COLONY","TOTAL","NOT SPECIFIED","47",""
"SURVEY","2014","MARKETING YEAR","","STATE","LOUISIANA","22","","","","","","","00000000","","HONEY","HONEY - PRODUCTION, MEASURED IN LB / COLONY","TOTAL","NOT SPECIFIED","84",""
"SURVEY","2014","MARKETING YEAR","","STATE","MAINE","23","","","","","","","00000000","","HONEY","HONEY - PRODUCTION, MEASURED IN LB / COLONY","TOTAL","NOT SPECIFIED","47",""
"SURVEY","2014","MARKETING YEAR","","STATE","MICHIGAN","26","","","","","","","00000000","","HONEY","HONEY - PRODUCTION, MEASURED IN LB / COLONY","TOTAL","NOT SPECIFIED","63",""
"SURVEY","2014","MARKETING YEAR","","STATE","MINNESOTA","27","","","","","","","00000000","","HONEY","HONEY - PRODUCTION, MEASURED IN LB / COLONY","TOTAL","NOT SPECIFIED","60",""
"SURVEY","2014","MARKETING YEAR","","STATE","MISSISSIPPI","28","","","","","","","00000000","","HONEY","HONEY - PRODUCTION, MEASURED IN LB / COLONY","TOTAL","NOT SPECIFIED","112",""
"SURVEY","2014","MARKETING YEAR","","STATE","MISSOURI","29","","","","","","","00000000","","HONEY","HONEY - PRODUCTION, MEASURED IN LB / COLONY","TOTAL","NOT SPECIFIED","47",""
"SURVEY","2014","MARKETING YEAR","","STATE","MONTANA","30","","","","","","","00000000","","HONEY","HONEY - PRODUCTION, MEASURED IN LB / COLONY","TOTAL","NOT SPECIFIED","88",""
"SURVEY","2014","MARKETING YEAR","","STATE","NEBRASKA","31","","","","","","","00000000","","HONEY","HONEY - PRODUCTION, MEASURED IN LB / COLONY","TOTAL","NOT SPECIFIED","75",""
"SURVEY","2014","MARKETING YEAR","","STATE","NEW JERSEY","34","","","","","","","00000000","","HONEY","HONEY - PRODUCTION, MEASURED IN LB / COLONY","TOTAL","NOT SPECIFIED","30",""
"SURVEY","2014","MARKETING YEAR","","STATE","NEW YORK","36","","","","","","","00000000","","HONEY","HONEY - PRODUCTION, MEASURED IN LB / COLONY","TOTAL","NOT SPECIFIED","55",""
"SURVEY","2014","MARKETING YEAR","","STATE","NORTH CAROLINA","37","","","","","","","00000000","","HONEY","HONEY - PRODUCTION, MEASURED IN LB / COLONY","TOTAL","NOT SPECIFIED","43",""
"SURVEY","2014","MARKETING YEAR","","STATE","NORTH DAKOTA","38","","","","","","","00000000","","HONEY","HONEY - PRODUCTION, MEASURED IN LB / COLONY","TOTAL","NOT SPECIFIED","86",""
"SURVEY","2014","MARKETING YEAR","","STATE","OHIO","39","","","","","","","00000000","","HONEY","HONEY - PRODUCTION, MEASURED IN LB / COLONY","TOTAL","NOT SPECIFIED","61",""
"SURVEY","2014","MARKETING YEAR","","STATE","OREGON","41","","","","","","","00000000","","HONEY","HONEY - PRODUCTION, MEASURED IN LB / COLONY","TOTAL","NOT SPECIFIED","40",""
"SURVEY","2014","MARKETING YEAR","","STATE","OTHER STATES","","","","","","","","00000000","","HONEY","HONEY - PRODUCTION, MEASURED IN LB / COLONY","TOTAL","NOT SPECIFIED","45",""
"SURVEY","2014","MARKETING YEAR","","STATE","PENNSYLVANIA","42","","","","","","","00000000","","HONEY","HONEY - PRODUCTION, MEASURED IN LB / COLONY","TOTAL","NOT SPECIFIED","46",""
"SURVEY","2014","MARKETING YEAR","","STATE","SOUTH CAROLINA","45","","","","","","","00000000","","HONEY","HONEY - PRODUCTION, MEASURED IN LB / COLONY","TOTAL","NOT SPECIFIED","54",""
"SURVEY","2014","MARKETING YEAR","","STATE","SOUTH DAKOTA","46","","","","","","","00000000","","HONEY","HONEY - PRODUCTION, MEASURED IN LB / COLONY","TOTAL","NOT SPECIFIED","87",""
"SURVEY","2014","MARKETING YEAR","","STATE","TENNESSEE","47","","","","","","","00000000","","HONEY","HONEY - PRODUCTION, MEASURED IN LB / COLONY","TOTAL","NOT SPECIFIED","63",""
"SURVEY","2014","MARKETING YEAR","","STATE","TEXAS","48","","","","","","","00000000","","HONEY","HONEY - PRODUCTION, MEASURED IN LB / COLONY","TOTAL","NOT SPECIFIED","78",""
"SURVEY","2014","MARKETING YEAR","","STATE","UTAH","49","","","","","","","00000000","","HONEY","HONEY - PRODUCTION, MEASURED IN LB / COLONY","TOTAL","NOT SPECIFIED","28",""
"SURVEY","2014","MARKETING YEAR","","STATE","VERMONT","50","","","","","","","00000000","","HONEY","HONEY - PRODUCTION, MEASURED IN LB / COLONY","TOTAL","NOT SPECIFIED","58",""
"SURVEY","2014","MARKETING YEAR","","STATE","VIRGINIA","51","","","","","","","00000000","","HONEY","HONEY - PRODUCTION, MEASURED IN LB / COLONY","TOTAL","NOT SPECIFIED","38",""
"SURVEY","2014","MARKETING YEAR","","STATE","WASHINGTON","53","","","","","","","00000000","","HONEY","HONEY - PRODUCTION, MEASURED IN LB / COLONY","TOTAL","NOT SPECIFIED","44",""
"SURVEY","2014","MARKETING YEAR","","STATE","WEST VIRGINIA","54","","","","","","","00000000","","HONEY","HONEY - PRODUCTION, MEASURED IN LB / COLONY","TOTAL","NOT SPECIFIED","31",""
"SURVEY","2014","MARKETING YEAR","","STATE","WISCONSIN","55","","","","","","","00000000","","HONEY","HONEY - PRODUCTION, MEASURED IN LB / COLONY","TOTAL","NOT SPECIFIED","54",""
"SURVEY","2014","MARKETING YEAR","","STATE","WYOMING","56","","","","","","","00000000","","HONEY","HONEY - PRODUCTION, MEASURED IN LB / COLONY","TOTAL","NOT SPECIFIED","61",""
"SURVEY","2013","MARKETING YEAR","","STATE","ALABAMA","01","","","","","","","00000000","","HONEY","HONEY - PRODUCTION, MEASURED IN LB / COLONY","TOTAL","NOT SPECIFIED","52",""
"SURVEY","2013","MARKETING YEAR","","STATE","ARIZONA","04","","","","","","","00000000","","HONEY","HONEY - PRODUCTION, MEASURED IN LB / COLONY","TOTAL","NOT SPECIFIED","36",""
"SURVEY","2013","MARKETING YEAR","","STATE","ARKANSAS","05","","","","","","","00000000","","HONEY","HONEY - PRODUCTION, MEASURED IN LB / COLONY","TOTAL","NOT SPECIFIED","60",""
"SURVEY","2013","MARKETING YEAR","","STATE","CALIFORNIA","06","","","","","","","00000000","","HONEY","HONEY - PRODUCTION, MEASURED IN LB / COLONY","TOTAL","NOT SPECIFIED","33",""
"SURVEY","2013","MARKETING YEAR","","STATE","COLORADO","08","","","","","","","00000000","","HONEY","HONEY - PRODUCTION, MEASURED IN LB / COLONY","TOTAL","NOT SPECIFIED","43",""
"SURVEY","2013","MARKETING YEAR","","STATE","FLORIDA","12","","","","","","","00000000","","HONEY","HONEY - PRODUCTION, MEASURED IN LB / COLONY","TOTAL","NOT SPECIFIED","61",""
"SURVEY","2013","MARKETING YEAR","","STATE","GEORGIA","13","","","","","","","00000000","","HONEY","HONEY - PRODUCTION, MEASURED IN LB / COLONY","TOTAL","NOT SPECIFIED","50",""
"SURVEY","2013","MARKETING YEAR","","STATE","HAWAII","15","","","","","","","00000000","","HONEY","HONEY - PRODUCTION, MEASURED IN LB / COLONY","TOTAL","NOT SPECIFIED","83",""
"SURVEY","2013","MARKETING YEAR","","STATE","IDAHO","16","","","","","","","00000000","","HONEY","HONEY - PRODUCTION, MEASURED IN LB / COLONY","TOTAL","NOT SPECIFIED","32",""
"SURVEY","2013","MARKETING YEAR","","STATE","ILLINOIS","17","","","","","","","00000000","","HONEY","HONEY - PRODUCTION, MEASURED IN LB / COLONY","TOTAL","NOT SPECIFIED","48",""
"SURVEY","2013","MARKETING YEAR","","STATE","INDIANA","18","","","","","","","00000000","","HONEY","HONEY - PRODUCTION, MEASURED IN LB / COLONY","TOTAL","NOT SPECIFIED","47",""
"SURVEY","2013","MARKETING YEAR","","STATE","IOWA","19","","","","","","","00000000","","HONEY","HONEY - PRODUCTION, MEASURED IN LB / COLONY","TOTAL","NOT SPECIFIED","48",""
"SURVEY","2013","MARKETING YEAR","","STATE","KANSAS","20","","","","","","","00000000","","HONEY","HONEY - PRODUCTION, MEASURED IN LB / COLONY","TOTAL","NOT SPECIFIED","46",""
"SURVEY","2013","MARKETING YEAR","","STATE","KENTUCKY","21","","","","","","","00000000","","HONEY","HONEY - PRODUCTION, MEASURED IN LB / COLONY","TOTAL","NOT SPECIFIED","41",""
"SURVEY","2013","MARKETING YEAR","","STATE","LOUISIANA","22","","","","","","","00000000","","HONEY","HONEY - PRODUCTION, MEASURED IN LB / COLONY","TOTAL","NOT SPECIFIED","98",""
"SURVEY","2013","MARKETING YEAR","","STATE","MAINE","23","","","","","","","00000000","","HONEY","HONEY - PRODUCTION, MEASURED IN LB / COLONY","TOTAL","NOT SPECIFIED","43",""
"SURVEY","2013","MARKETING YEAR","","STATE","MICHIGAN","26","","","","","","","00000000","","HONEY","HONEY - PRODUCTION, MEASURED IN LB / COLONY","TOTAL","NOT SPECIFIED","55",""
"SURVEY","2013","MARKETING YEAR","","STATE","MINNESOTA","27","","","","","","","00000000","","HONEY","HONEY - PRODUCTION, MEASURED IN LB / COLONY","TOTAL","NOT SPECIFIED","58",""
"SURVEY","2013","MARKETING YEAR","","STATE","MISSISSIPPI","28","","","","","","","00000000","","HONEY","HONEY - PRODUCTION, MEASURED IN LB / COLONY","TOTAL","NOT SPECIFIED","116",""
"SURVEY","2013","MARKETING YEAR","","STATE","MISSOURI","29","","","","","","","00000000","","HONEY","HONEY - PRODUCTION, MEASURED IN LB / COLONY","TOTAL","NOT SPECIFIED","47",""
"SURVEY","2013","MARKETING YEAR","","STATE","MONTANA","30","","","","","","","00000000","","HONEY","HONEY - PRODUCTION, MEASURED IN LB / COLONY","TOTAL","NOT SPECIFIED","94",""
"SURVEY","2013","MARKETING YEAR","","STATE","NEBRASKA","31","","","","","","","00000000","","HONEY","HONEY - PRODUCTION, MEASURED IN LB / COLONY","TOTAL","NOT SPECIFIED","60",""
"SURVEY","2013","MARKETING YEAR","","STATE","NEW JERSEY","34","","","","","","","00000000","","HONEY","HONEY - PRODUCTION, MEASURED IN LB / COLONY","TOTAL","NOT SPECIFIED","44",""
"SURVEY","2013","MARKETING YEAR","","STATE","NEW YORK","36","","","","","","","00000000","","HONEY","HONEY - PRODUCTION, MEASURED IN LB / COLONY","TOTAL","NOT SPECIFIED","48",""
"SURVEY","2013","MARKETING YEAR","","STATE","NORTH CAROLINA","37","","","","","","","00000000","","HONEY","HONEY - PRODUCTION, MEASURED IN LB / COLONY","TOTAL","NOT SPECIFIED","38",""
"SURVEY","2013","MARKETING YEAR","","STATE","NORTH DAKOTA","38","","","","","","","00000000","","HONEY","HONEY - PRODUCTION, MEASURED IN LB / COLONY","TOTAL","NOT SPECIFIED","69",""
"SURVEY","2013","MARKETING YEAR","","STATE","OHIO","39","","","","","","","00000000","","HONEY","HONEY - PRODUCTION, MEASURED IN LB / COLONY","TOTAL","NOT SPECIFIED","45",""
"SURVEY","2013","MARKETING YEAR","","STATE","OREGON","41","","","","","","","00000000","","HONEY","HONEY - PRODUCTION, MEASURED IN LB / COLONY","TOTAL","NOT SPECIFIED","35",""
"SURVEY","2013","MARKETING YEAR","","STATE","OTHER STATES","","","","","","","","00000000","","HONEY","HONEY - PRODUCTION, MEASURED IN LB / COLONY","TOTAL","NOT SPECIFIED","39",""
"SURVEY","2013","MARKETING YEAR","","STATE","PENNSYLVANIA","42","","","","","","","00000000","","HONEY","HONEY - PRODUCTION, MEASURED IN LB / COLONY","TOTAL","NOT SPECIFIED","45",""
"SURVEY","2013","MARKETING YEAR","","STATE","SOUTH DAKOTA","46","","","","","","","00000000","","HONEY","HONEY - PRODUCTION, MEASURED IN LB / COLONY","TOTAL","NOT SPECIFIED","56",""
"SURVEY","2013","MARKETING YEAR","","STATE","TENNESSEE","47","","","","","","","00000000","","HONEY","HONEY - PRODUCTION, MEASURED IN LB / COLONY","TOTAL","NOT SPECIFIED","45",""
"SURVEY","2013","MARKETING YEAR","","STATE","TEXAS","48","","","","","","","00000000","","HONEY","HONEY - PRODUCTION, MEASURED IN LB / COLONY","TOTAL","NOT SPECIFIED","59",""
"SURVEY","2013","MARKETING YEAR","","STATE","UTAH","49","","","","","","","00000000","","HONEY","HONEY - PRODUCTION, MEASURED IN LB / COLONY","TOTAL","NOT SPECIFIED","34",""
"SURVEY","2013","MARKETING YEAR","","STATE","VERMONT","50","","","","","","","00000000","","HONEY","HONEY - PRODUCTION, MEASURED IN LB / COLONY","TOTAL","NOT SPECIFIED","51",""
"SURVEY","2013","MARKETING YEAR","","STATE","VIRGINIA","51","","","","","","","00000000","","HONEY","HONEY - PRODUCTION, MEASURED IN LB / COLONY","TOTAL","NOT SPECIFIED","35",""
"SURVEY","2013","MARKETING YEAR","","STATE","WASHINGTON","53","","","","","","","00000000","","HONEY","HONEY - PRODUCTION, MEASURED IN LB / COLONY","TOTAL","NOT SPECIFIED","39",""
"SURVEY","2013","MARKETING YEAR","","STATE","WEST VIRGINIA","54","","","","","","","00000000","","HONEY","HONEY - PRODUCTION, MEASURED IN LB / COLONY","TOTAL","NOT SPECIFIED","46",""
"SURVEY","2013","MARKETING YEAR","","STATE","WISCONSIN","55","","","","","","","00000000","","HONEY","HONEY - PRODUCTION, MEASURED IN LB / COLONY","TOTAL","NOT SPECIFIED","60",""
"SURVEY","2013","MARKETING YEAR","","STATE","WYOMING","56","","","","","","","00000000","","HONEY","HONEY - PRODUCTION, MEASURED IN LB / COLONY","TOTAL","NOT SPECIFIED","66",""
